{"cameraMode":{"drawMode":0,"name":"Shaded","section":"Shading Mode"},"sceneLighting":false,"audioPlay":false,"sceneViewState":{"showFog":true,"showMaterialUpdate":false,"showSkybox":false,"showFlares":true,"showImageEffects":true,"showParticleSystems":true},"in2DMode":false,"pivot":{"x":0.0,"y":-0.06349998712539673,"z":-0.03849995136260986},"rotation":{"x":0.13875122368335725,"y":-0.7302711009979248,"z":0.15576131641864777,"w":0.6505310535430908},"size":4.581637382507324,"orthographic":false}